{"stats":{"minecraft:picked_up":{"minecraft:iron_chestplate":1,"create:polished_cut_calcite_slab":17,"minecraft:chainmail_boots":2,"minecraft:flower_pot":2,"create:spout":5,"minecraft:stone_slab":5,"create:wrench":3,"create:item_drain":9,"minecraft:enchanted_book":3,"minecraft:brewing_stand":1,"minecraft:polished_deepslate":71,"minecraft:string":32,"create:limestone":2,"minecraft:explorer_pottery_sherd":1,"create:water_wheel":9,"minecraft:diamond_leggings":4,"create:cart_assembler":8,"minecraft:gold_nugget":76,"minecraft:cobbled_deepslate":295,"minecraft:spruce_planks":1,"minecraft:music_disc_blocks":2,"mcwbridges:andesite_bridge_stair":4,"create:andesite_casing":141,"minecraft:deepslate_tile_stairs":2,"minecraft:golden_chestplate":1,"minecraft:cauldron":8,"create:copper_casing":3,"create:layered_calcite":4,"minecraft:cyan_terracotta":100,"mcwdoors:metal_windowed_door":3,"minecraft:bookshelf":15,"minecraft:white_terracotta":5,"mcwdoors:garage_white_door":10,"minecraft:iron_bars":28,"minecraft:snowball":59,"minecraft:birch_log":1,"minecraft:furnace_minecart":4,"storagedrawers:oak_full_drawers_4":13,"minecraft:cooked_beef":1,"minecraft:oxidized_copper":9,"minecraft:iron_door":5,"minecraft:water_bucket":2,"alexsmobs:bison_fur":2,"minecraft:flint":262,"create:encased_chain_drive":28,"tacz:ammo_box":1,"minecraft:stonecutter":6,"create:mechanical_drill":11,"create:goggles":3,"create:shaft":139,"minecraft:diamond_helmet":1,"tacz:gun_smith_table":4,"create:super_glue":2,"create:gearshift":1,"create:empty_blaze_burner":1,"mcwbridges:iron_bridge_stair":6,"create:copycat_panel":26,"mcwbridges:andesite_bridge":5,"create:tiled_glass":8,"minecraft:barrel":6,"minecraft:bundle":5,"minecraft:iron_hoe":1,"dramaticdoors:tall_oak_door":3,"minecraft:polished_andesite":1123,"toughasnails:water_canteen":1,"minecraft:lever":10,"minecraft:bread":6,"create:precision_mechanism":5,"minecraft:crimson_roots":3,"minecraft:diamond_pickaxe":3,"create:copper_sheet":32,"minecraft:coarse_dirt":505,"minecraft:crafting_table":8,"minecraft:clay_ball":1,"create:fluid_pipe":23,"minecraft:flint_and_steel":2,"tacz:ammo":1353,"create:scorchia":1,"minecraft:iron_shovel":3,"minecraft:cracked_stone_bricks":38,"create:brass_funnel":1,"minecraft:beef":19,"minecraft:iron_nugget":150,"minecraft:chest":12,"minecraft:birch_sapling":1,"minecraft:stone":8,"pointblank:gunmetal_nugget":177,"create_sa:brass_jetpack_chestplate":4,"create:powdered_obsidian":12,"minecraft:carrot":8,"minecraft:redstone":322,"create:brass_casing":79,"minecraft:prismarine_crystals":10,"create:vertical_gearbox":39,"create:steam_engine":1,"minecraft:diamond_chestplate":3,"minecraft:shears":4,"minecraft:diamond_boots":2,"minecraft:hay_block":62,"create:depot":14,"minecraft:gold_ingot":21,"create:cut_calcite_bricks":456,"minecraft:mutton":6,"minecraft:rail":35,"minecraft:white_wool":5,"minecraft:stripped_oak_log":18,"create:iron_sheet":12,"pointblank:ammo338lapua":24,"minecraft:oak_log":133,"toughasnails:purified_water_bottle":1,"minecraft:golden_boots":2,"farmersdelight:skillet":1,"minecraft:white_banner":1,"create:crushing_wheel":2,"minecraft:stone_bricks":206,"minecraft:apple":3,"minecraft:kelp":142,"minecraft:oak_fence_gate":2,"create:brass_door":4,"scalinghealth:power_crystal_shard":12,"tombstone:bag_of_seeds":3,"minecraft:arms_up_pottery_sherd":1,"minecraft:iron_sword":8,"create:mechanical_saw":4,"minecraft:polished_andesite_stairs":89,"minecraft:smooth_basalt":1,"minecraft:torchflower_seeds":3,"create_sa:medium_fueling_tank":1,"minecraft:gravel":834,"minecraft:spruce_sapling":2,"create:powered_latch":7,"minecraft:spruce_log":9,"create:gearbox":26,"minecraft:leather_helmet":2,"travelersbackpack:standard":10,"create:millstone":10,"tacz:modern_kinetic_gun":14,"create:smart_chute":3,"create:mechanical_pump":14,"storagedrawers:oak_full_drawers_2":2,"minecraft:oak_button":5,"minecraft:lodestone":1,"minecraft:chiseled_deepslate":3,"create:mechanical_crafter":34,"minecraft:gilded_blackstone":2,"tombstone:grave_key":1,"create:furnace_minecart_contraption":5,"minecraft:raw_copper":8,"minecraft:smooth_stone_slab":21,"minecraft:iron_leggings":2,"create:andesite_funnel":4,"create:sand_paper":2,"minecraft:deepslate_tiles":301,"minecraft:red_sand":16,"create:mechanical_press":12,"minecraft:smooth_stone":718,"minecraft:bucket":4,"create:sturdy_sheet":5,"minecraft:redstone_torch":5,"minecraft:cobblestone_slab":7,"minecraft:calcite":1761,"minecraft:iron_pickaxe":1,"minecraft:iron_boots":1,"minecraft:furnace":2,"minecraft:stick":26,"create:mechanical_mixer":3,"minecraft:oak_fence":8,"minecraft:torch":170,"minecraft:porkchop":2,"tacz:attachment":4,"tombstone:grave_dust":8,"minecraft:pointed_dripstone":49,"create:large_cogwheel":21,"mutantmonsters:hulk_hammer":1,"minecraft:andesite_wall":3,"minecraft:quartz_block":20,"minecraft:cactus":2,"minecraft:rotten_flesh":35,"minecraft:music_disc_ward":1,"create:asurine":18,"minecraft:music_disc_wait":2,"minecraft:obsidian":17,"minecraft:cobblestone":1316,"minecraft:enchanting_table":2,"create:fluid_tank":69,"minecraft:andesite":951,"minecraft:potato":10,"paraglider:spirit_orb":2,"create:belt_connector":5,"minecraft:tuff":47,"create:raw_zinc":50,"create:incomplete_precision_mechanism":1,"skilltree:gem":89,"minecraft:lapis_lazuli":170,"mutantmonsters:creeper_minion_tracker":1,"minecraft:dirt":1046,"minecraft:glass":32,"minecraft:bone":63,"minecraft:bow":5,"minecraft:wheat_seeds":32,"minecraft:raw_gold":48,"minecraft:mossy_stone_bricks":7,"minecraft:oak_planks":288,"toughasnails:purified_water_canteen":2,"minecraft:music_disc_13":2,"create:cogwheel":27,"minecraft:oak_pressure_plate":2,"minecraft:sand":142,"minecraft:sugar":2,"pointblank:cp2077_tsunami_nekomata":1,"minecraft:diamond":21,"minecraft:cracked_polished_blackstone_bricks":6,"minecraft:crossbow":1,"minecraft:bone_meal":1,"scalinghealth:cursed_heart":1,"minecraft:emerald":1,"minecraft:oak_sapling":7,"minecraft:netherrack":227,"minecraft:oak_leaves":1,"minecraft:allium":1,"create:polished_cut_calcite":1,"create:rotation_speed_controller":6,"minecraft:stone_brick_wall":1,"minecraft:gold_block":32,"minecraft:diamond_horse_armor":1,"minecraft:iron_axe":1,"create:chute":4,"skilltree:golden_ring":1,"create:calcite_pillar":17,"scalinghealth:chance_heart":1,"create:basin":2,"minecraft:sugar_cane":13,"create:linear_chassis":33,"minecraft:raw_iron":224,"create:golden_sheet":4,"minecraft:polished_blackstone_bricks":4,"minecraft:stone_button":1,"create:hand_crank":13,"travelersbackpack:hose":1,"create:deployer":12,"minecraft:howl_pottery_sherd":1,"minecraft:arrow":102,"create_sa:large_filling_tank":1,"minecraft:nether_bricks":1,"k_turrets:raw_titanium":8,"minecraft:saddle":1,"minecraft:soul_campfire":1,"minecraft:burn_pottery_sherd":1,"minecraft:leather":13,"minecraft:birch_planks":8,"mcwbridges:iron_bridge":8,"minecraft:crimson_fungus":1,"create:andesite_alloy":41,"minecraft:nether_wart_block":1,"minecraft:gunpowder":28,"minecraft:cobblestone_wall":11,"create:blaze_burner":27,"farmersdelight:tatami":10,"scalinghealth:heart_crystal":16,"minecraft:iron_ingot":94,"storagedrawers:oak_full_drawers_1":5,"minecraft:soul_sand":12,"minecraft:book":63,"minecraft:oak_slab":22,"scalinghealth:heart_crystal_shard":17,"create:mechanical_bearing":2,"create:large_water_wheel":8,"minecraft:stone_brick_slab":6,"minecraft:quartz":100,"minecraft:dandelion":1,"minecraft:dripstone_block":81,"minecraft:lava_bucket":5,"minecraft:white_bed":6,"create_sa:medium_filling_tank":1,"create:brass_ingot":4,"minecraft:campfire":1,"minecraft:chainmail_leggings":3,"create:encased_fan":20,"tombstone:magic_scroll":5,"minecraft:black_wool":1,"minecraft:coal":138},"minecraft:killed":{"minecraft:skeleton":86,"minecraft:guardian":1,"minecraft:pillager":6,"minecraft:zombie":45,"mutantmonsters:mutant_creeper":1,"minecraft:cow":7,"minecraft:vindicator":2,"minecraft:horse":3,"alexsmobs:gelada_monkey":2,"mutantmonsters:creeper_minion":1,"endofherobrine:silverfish":18,"minecraft:witch":3,"minecraft:spider":4,"minecraft:piglin":5,"minecraft:pig":1,"minecraft:creeper":20,"minecraft:sheep":5,"minecraft:ghast":1,"endofherobrine:cow":1,"minecraft:phantom":17,"alexsmobs:bison":1,"minecraft:drowned":3,"mutantmonsters:mutant_zombie":1,"minecraft:wither_skeleton":1},"minecraft:used":{"create:deployer":21,"create:brass_casing":46,"minecraft:chiseled_deepslate":3,"minecraft:chest":25,"minecraft:stone":7,"create:tiled_glass":19,"minecraft:rotten_flesh":6,"create:fluid_tank":57,"create:mechanical_crafter":55,"create:depot":22,"minecraft:snowball":92,"minecraft:lava_bucket":43,"minecraft:birch_sapling":1,"minecraft:polished_andesite_stairs":33,"minecraft:quartz_block":7,"minecraft:music_disc_wait":1,"create:andesite_funnel":12,"create:polished_cut_calcite":10,"create:rotation_speed_controller":9,"minecraft:bow":47,"create:shaft":301,"mutantmonsters:hulk_hammer":82,"create:steam_engine":11,"minecraft:furnace":2,"create:sequenced_gearshift":1,"minecraft:potato":64,"minecraft:cactus":2,"minecraft:oak_leaves":1,"create:spout":7,"minecraft:golden_apple":2,"minecraft:sand":3,"spartanshields:diamond_basic_shield":49,"farmersdelight:tatami":3,"minecraft:deepslate_tiles":1392,"minecraft:oak_pressure_plate":5,"minecraft:polished_andesite_slab":7,"minecraft:diamond_sword":366,"create:basin":4,"minecraft:birch_log":5,"minecraft:iron_bars":7,"create:brass_door":6,"minecraft:enchanting_table":2,"storagedrawers:oak_full_drawers_2":3,"toughasnails:water_purifier":1,"minecraft:netherrack":99,"minecraft:torch":568,"minecraft:brewing_stand":1,"minecraft:oak_fence_gate":6,"create:wrench":641,"create:gearbox":64,"minecraft:iron_axe":233,"minecraft:barrel":30,"minecraft:diamond_chestplate":3,"create:encased_chain_drive":67,"tombstone:gift":12,"create:fluid_pipe":47,"minecraft:cobbled_deepslate":56,"create:belt_connector":20,"minecraft:pointed_dripstone":15,"minecraft:calcite":512,"minecraft:wheat_seeds":66,"minecraft:water_bucket":109,"mcwbridges:iron_bridge":13,"minecraft:birch_planks":2,"minecraft:cauldron":15,"minecraft:gilded_blackstone":1,"minecraft:cracked_stone_bricks":5,"create:blaze_burner":29,"create:furnace_minecart_contraption":6,"minecraft:rail":20,"minecraft:comparator":1,"create:encased_fan":26,"minecraft:crafting_table":15,"minecraft:campfire":1,"minecraft:white_bed":6,"create:layered_calcite":4,"minecraft:spruce_log":7,"minecraft:oak_log":195,"minecraft:diamond_pickaxe":6297,"minecraft:diamond_shovel":485,"minecraft:oak_button":13,"minecraft:iron_pickaxe":2069,"tombstone:magic_scroll":2,"create:water_wheel":16,"create:mechanical_arm":12,"minecraft:music_disc_blocks":1,"minecraft:cobblestone":225,"minecraft:potion":3,"storagedrawers:oak_full_drawers_4":7,"travelersbackpack:standard":44,"minecraft:cooked_porkchop":2,"create:powered_latch":8,"toughasnails:purified_water_canteen":50,"create:clutch":2,"minecraft:stripped_oak_log":9,"minecraft:jukebox":1,"create:calcite_pillar":9,"minecraft:iron_shovel":794,"minecraft:polished_deepslate":2,"create:pulse_extender":3,"minecraft:shield":86,"minecraft:iron_sword":352,"create:mechanical_bearing":5,"minecraft:soul_campfire":1,"create:cogwheel":57,"mcwdoors:garage_white_door":16,"minecraft:carrot":1,"minecraft:furnace_minecart":4,"mcwbridges:andesite_bridge":3,"minecraft:music_disc_13":2,"minecraft:obsidian":5,"minecraft:glass":37,"minecraft:cyan_terracotta":31,"tombstone:tablet_of_cupidity":1,"minecraft:iron_helmet":3,"create:millstone":12,"minecraft:stone_bricks":101,"mcwdoors:metal_windowed_door":3,"create:mechanical_drill":12,"create:crushing_wheel":4,"minecraft:oak_planks":82,"minecraft:diamond_axe":561,"minecraft:sugar_cane":3,"create_sa:brass_jetpack_chestplate":3,"create:mechanical_saw":4,"toughasnails:water_canteen":87,"minecraft:crossbow":1,"minecraft:stone_brick_wall":1,"minecraft:redstone_torch":1,"minecraft:lever":9,"mcwbridges:iron_bridge_stair":23,"minecraft:bread":206,"tombstone:grave_key":21,"minecraft:iron_door":7,"create:andesite_casing":13,"minecraft:gravel":5,"minecraft:andesite":134,"minecraft:smooth_stone_slab":7,"create:vertical_gearbox":52,"minecraft:coarse_dirt":12,"minecraft:bone_meal":78,"create:large_cogwheel":32,"minecraft:oak_fence":1,"storagedrawers:oak_full_drawers_1":13,"minecraft:flint_and_steel":35,"create:item_vault":9,"minecraft:redstone":7,"tacz:gun_smith_table":4,"minecraft:spruce_planks":1,"create:mechanical_pump":19,"minecraft:dirt":86,"scalinghealth:heart_crystal":1,"create:mechanical_mixer":4,"minecraft:hopper":17,"toughasnails:empty_canteen":17,"create:copycat_panel":49,"minecraft:cobblestone_wall":3,"create:mechanical_plough":1,"create:chute":11,"minecraft:andesite_wall":1,"create:smart_chute":12,"minecraft:stone_brick_slab":6,"minecraft:bookshelf":43,"minecraft:iron_boots":1,"create:cart_assembler":6,"minecraft:deepslate_tile_stairs":5,"mcwbridges:andesite_bridge_stair":4,"minecraft:cooked_beef":6,"minecraft:iron_leggings":3,"create:gearshift":1,"minecraft:cooked_mutton":6,"minecraft:lodestone":1,"minecraft:glass_bottle":79,"minecraft:polished_andesite":1369,"create:empty_blaze_burner":9,"minecraft:stonecutter":6,"minecraft:cobblestone_slab":6,"create:item_drain":12,"create:cut_calcite_bricks":1698,"create:brass_funnel":8,"create:mechanical_harvester":5,"tombstone:bag_of_seeds":3,"create:linear_chassis":58,"minecraft:apple":16,"create:mechanical_press":18,"create:large_water_wheel":6,"create:polished_cut_calcite_slab":18,"toughasnails:purified_water_bottle":54,"minecraft:bucket":159,"create:pulse_repeater":1,"create:hand_crank":12,"storagedrawers:drawer_key":15,"minecraft:smooth_stone":735},"minecraft:crafted":{"create:powered_latch":1,"minecraft:oak_pressure_plate":4,"minecraft:birch_slab":6,"create:brass_nugget":1,"minecraft:lever":5,"minecraft:diamond_shovel":1,"create:item_vault":9,"minecraft:bookshelf":28,"minecraft:cooked_mutton":6,"minecraft:iron_bars":16,"mcwbridges:pliers":2,"mcwbridges:andesite_bridge":8,"create:vertical_gearbox":8,"minecraft:glass":53,"create:rotation_speed_controller":3,"create:andesite_funnel":5,"create:mechanical_press":4,"minecraft:iron_door":3,"create:brass_funnel":8,"create:cogwheel":323,"create:mechanical_plough":1,"minecraft:glass_bottle":12,"minecraft:furnace_minecart":2,"create:rose_quartz":25,"create_sa:large_filling_tank":1,"minecraft:diamond_axe":1,"minecraft:polished_andesite_stairs":42,"create:cut_calcite_bricks":5,"create_sa:brass_pickaxe":1,"travelersbackpack:standard":2,"storagedrawers:oak_full_drawers_1":8,"minecraft:hay_block":7,"mcwbridges:iron_bridge":110,"create:encased_chain_drive":33,"create:mechanical_mixer":1,"create:clutch":2,"create:gearbox":47,"create:encased_fan":12,"minecraft:iron_pickaxe":1,"minecraft:iron_block":5,"spartanshields:wooden_basic_shield":1,"storagedrawers:oak_full_drawers_2":2,"minecraft:gold_ingot":16,"storagedrawers:drawer_key":1,"create:large_cogwheel":56,"create:propeller":24,"storagedrawers:upgrade_template":4,"mcwdoors:garage_white_door":15,"create:wrench":2,"minecraft:jukebox":1,"minecraft:iron_nugget":801,"create:smart_chute":8,"create:calcite_pillar":1,"minecraft:bone_meal":26,"minecraft:andesite_wall":6,"mcwbridges:andesite_bridge_stair":6,"travelersbackpack:white_sleeping_bag":2,"create:electron_tube":25,"create:belt_connector":5,"minecraft:wheat":493,"create:goggles":2,"create_sa:small_filling_tank":2,"minecraft:oak_fence_gate":7,"create:mechanical_arm":1,"minecraft:andesite_slab":6,"minecraft:iron_leggings":2,"minecraft:iron_shovel":4,"minecraft:deepslate_tile_stairs":3,"create:shaft":249,"create_sa:brass_drill_head":1,"create:tiled_glass":10,"create:brass_door":2,"minecraft:oak_planks":1112,"minecraft:cobblestone_slab":6,"minecraft:barrel":51,"create:mechanical_harvester":5,"create_sa:portable_drill":1,"create:mechanical_bearing":3,"create:deployer":5,"minecraft:hopper":1,"minecraft:stone_brick_slab":4,"minecraft:bow":1,"minecraft:iron_boots":3,"create:cart_assembler":2,"minecraft:comparator":1,"minecraft:chest":43,"create:spout":2,"minecraft:oak_button":10,"minecraft:copper_block":10,"minecraft:stone_bricks":16,"minecraft:oak_fence":3,"create:brass_hand":5,"create:depot":8,"minecraft:oak_slab":138,"create:layered_calcite":4,"minecraft:cauldron":13,"minecraft:crafting_table":15,"minecraft:spruce_planks":37,"create:mechanical_saw":3,"minecraft:iron_helmet":2,"create:fluid_pipe":40,"minecraft:wooden_pickaxe":1,"create:brass_ingot":1,"create:sand_paper":5,"minecraft:birch_planks":18,"create:gearshift":1,"minecraft:tnt":1,"create:polished_cut_calcite_slab":12,"create:sequenced_gearshift":1,"minecraft:iron_chestplate":1,"minecraft:paper":6,"minecraft:charcoal":1,"minecraft:diamond_pickaxe":1,"create:water_wheel":12,"toughasnails:water_purifier":1,"minecraft:shield":2,"create:super_glue":1,"minecraft:stick":87,"create:mechanical_pump":5,"minecraft:iron_ingot":51,"create_sa:medium_filling_tank":1,"minecraft:redstone_torch":12,"minecraft:shears":1,"create:empty_blaze_burner":17,"toughasnails:empty_canteen":1,"minecraft:polished_andesite":309,"create:chute":16,"minecraft:oak_door":3,"minecraft:stone_brick_wall":1,"create:steam_engine":10,"minecraft:furnace":2,"minecraft:piston":4,"create_sa:medium_fueling_tank":1,"spartanshields:diamond_basic_shield":1,"minecraft:polished_andesite_slab":8,"minecraft:flint_and_steel":2,"minecraft:polished_deepslate":1,"minecraft:iron_axe":1,"minecraft:slime_ball":2,"create:millstone":2,"create:pulse_extender":3,"create:fluid_tank":18,"create:basin":2,"create:filter":1,"minecraft:minecart":2,"minecraft:cooked_beef":7,"create:andesite_alloy":403,"create:hand_crank":1,"minecraft:diamond_sword":1,"travelersbackpack:backpack_tank":4,"mcwbridges:iron_bridge_stair":30,"minecraft:iron_sword":1,"create:large_water_wheel":1,"scalinghealth:heart_crystal":1,"create:item_drain":1,"minecraft:bucket":18,"minecraft:air":3960,"minecraft:bread":187,"create:whisk":1,"minecraft:gold_nugget":9,"create:linear_chassis":33,"create:mechanical_crafter":21,"create_sa:small_fueling_tank":2,"create:mechanical_drill":1,"minecraft:torch":122,"minecraft:lapis_lazuli":1,"minecraft:lapis_block":16,"minecraft:diamond_chestplate":1,"create:pulse_repeater":1},"minecraft:broken":{"minecraft:golden_boots":1,"minecraft:diamond_helmet":1,"minecraft:iron_boots":3,"minecraft:iron_chestplate":3,"minecraft:iron_leggings":4,"minecraft:diamond_pickaxe":4,"toughasnails:water_canteen":6,"minecraft:shield":1,"minecraft:iron_axe":1,"minecraft:iron_pickaxe":5,"minecraft:iron_helmet":4,"toughasnails:purified_water_canteen":10,"mutantmonsters:hulk_hammer":1,"minecraft:iron_shovel":3,"create:sand_paper":2},"minecraft:killed_by":{"minecraft:pillager":2,"mutantmonsters:mutant_creeper":3,"minecraft:vindicator":2,"k_turrets:arrow_turret":1,"minecraft:zombie":28,"mutantmonsters:mutant_skeleton":1,"endofherobrine:cow":1,"mutantmonsters:mutant_zombie":2,"minecraft:wither_skeleton":3,"minecraft:creeper":11,"minecraft:piglin":3,"mutantmonsters:creeper_minion":1,"minecraft:witch":1,"minecraft:spider":4,"minecraft:enderman":2,"alexsmobs:gelada_monkey":1,"minecraft:hoglin":1,"minecraft:skeleton":51,"endofherobrine:silverfish":1},"minecraft:dropped":{"minecraft:iron_sword":3,"minecraft:piston":4,"minecraft:oak_pressure_plate":1,"minecraft:cooked_beef":2,"dramaticdoors:tall_oak_door":1,"minecraft:diamond":12,"minecraft:crossbow":1,"create:cogwheel":24,"create:incomplete_precision_mechanism":3,"minecraft:cracked_stone_bricks":35,"minecraft:rail":21,"minecraft:leather_helmet":2,"minecraft:dirt":134,"minecraft:stone_button":1,"minecraft:yellow_dye":2,"create:scorchia":1,"artifacts:charm_of_sinking":1,"create:cut_calcite_bricks":113,"minecraft:gold_nugget":25,"create:goggles":4,"minecraft:sand":33,"minecraft:iron_pickaxe":2,"minecraft:sugar":2,"scalinghealth:chance_heart":1,"minecraft:white_wool":2,"minecraft:bone":7,"minecraft:oak_door":1,"minecraft:lever":4,"minecraft:iron_nugget":124,"minecraft:polished_andesite_slab":1,"minecraft:golden_chestplate":1,"minecraft:rotten_flesh":21,"minecraft:oak_planks":53,"create_sa:large_filling_tank":1,"minecraft:chiseled_deepslate":2,"create:encased_fan":2,"minecraft:deepslate_tiles":128,"minecraft:quartz_block":10,"create:wrench":3,"create:limestone":2,"minecraft:glass":3,"create_sa:medium_fueling_tank":1,"minecraft:enchanted_book":2,"minecraft:iron_ingot":19,"tacz:attachment":2,"minecraft:golden_boots":1,"minecraft:wheat_seeds":34,"farmersdelight:skillet":1,"minecraft:dripstone_block":29,"minecraft:oak_fence":6,"minecraft:prismarine_crystals":10,"minecraft:iron_helmet":1,"minecraft:cobblestone":76,"minecraft:apple":5,"create:precision_mechanism":3,"minecraft:chainmail_helmet":1,"minecraft:coal":20,"minecraft:lava_bucket":2,"skilltree:gem":74,"minecraft:white_banner":1,"minecraft:smooth_stone":3,"minecraft:string":5,"minecraft:iron_shovel":1,"minecraft:chainmail_leggings":3,"minecraft:oxidized_copper":3,"create:sand_paper":1,"pointblank:cp2077_tsunami_nekomata":1,"minecraft:spruce_sapling":3,"minecraft:stone_brick_slab":4,"mcwbridges:andesite_bridge_stair":2,"minecraft:cobblestone_wall":8,"minecraft:smooth_stone_slab":4,"minecraft:clay_ball":1,"minecraft:iron_boots":2,"minecraft:stone_slab":5,"create_sa:small_filling_tank":1,"minecraft:white_terracotta":5,"create:copper_sheet":32,"minecraft:nether_bricks":1,"minecraft:torchflower_seeds":4,"minecraft:shears":2,"minecraft:pumpkin_seeds":12,"create:polished_cut_calcite_slab":3,"minecraft:cobblestone_slab":7,"create:propeller":6,"minecraft:flower_pot":2,"minecraft:allium":1,"minecraft:diamond_pickaxe":1,"create:zinc_ingot":35,"minecraft:redstone_torch":4,"minecraft:stone_bricks":30,"tacz:ammo":78,"create:brass_casing":9,"minecraft:bow":4,"minecraft:red_sand":10,"skilltree:golden_ring":1,"minecraft:black_wool":1,"minecraft:soul_sand":4,"minecraft:diamond_axe":1,"minecraft:oak_log":14,"travelersbackpack:standard":3,"minecraft:flint":58,"minecraft:cyan_terracotta":10,"minecraft:cracked_polished_blackstone_bricks":6,"tombstone:bag_of_seeds":1,"create:brass_sheet":3,"minecraft:crimson_roots":4,"minecraft:furnace_minecart":1,"create:large_cogwheel":23,"minecraft:gold_ingot":5,"minecraft:gravel":669,"minecraft:crimson_fungus":2,"minecraft:pointed_dripstone":2,"minecraft:diamond_shovel":1,"minecraft:chainmail_chestplate":1,"minecraft:oak_fence_gate":3,"minecraft:gunpowder":9,"minecraft:beetroot_seeds":2,"minecraft:stone_brick_wall":1,"minecraft:chainmail_boots":3,"minecraft:chest":16,"minecraft:iron_bars":5,"minecraft:arrow":35,"create:water_wheel":1,"minecraft:quartz":29,"create:andesite_alloy":12,"minecraft:water_bucket":1,"minecraft:bread":7,"minecraft:oak_slab":4,"scalinghealth:cursed_heart":1,"create:mechanical_saw":1,"minecraft:diamond_leggings":3,"scalinghealth:heart_crystal_shard":1,"minecraft:andesite_wall":4,"minecraft:copper_ingot":67,"create_sa:brass_jetpack_chestplate":6,"pointblank:ammo338lapua":22,"minecraft:stick":1,"tombstone:magic_scroll":1,"minecraft:torch":4,"scalinghealth:heart_crystal":7,"tombstone:grave_key":3,"minecraft:nether_wart_block":1,"create:sturdy_sheet":1,"tombstone:grave_dust":8,"minecraft:iron_leggings":2,"tacz:modern_kinetic_gun":12,"toughasnails:purified_water_canteen":2,"minecraft:iron_axe":1,"mcwbridges:andesite_bridge":2,"minecraft:bucket":21,"minecraft:smooth_basalt":1,"minecraft:dandelion":1,"minecraft:redstone":8,"create:shaft":3,"create:furnace_minecart_contraption":5,"minecraft:coarse_dirt":175,"minecraft:tuff":32,"mcwbridges:pliers":1,"pointblank:gunmetal_nugget":11,"minecraft:flint_and_steel":2,"create:cart_assembler":4,"minecraft:shield":1,"minecraft:oak_button":3,"minecraft:diamond_chestplate":2,"minecraft:iron_chestplate":3,"minecraft:andesite":199,"minecraft:mossy_stone_bricks":7,"toughasnails:purified_water_bottle":1,"minecraft:oak_sapling":17,"storagedrawers:drawer_key":1,"create_sa:small_fueling_tank":1,"travelersbackpack:hose":1,"minecraft:calcite":35,"create:empty_blaze_burner":8,"create:golden_sheet":1},"minecraft:mined":{"minecraft:white_bed":6,"create:copper_casing":3,"create:andesite_casing":141,"create:cut_calcite_bricks":348,"minecraft:obsidian":4,"minecraft:red_sand":16,"minecraft:stone_brick_wall":1,"minecraft:deepslate_tile_stairs":2,"tacz:gun_smith_table":3,"create:belt":6,"minecraft:crimson_fungus":1,"create:rotation_speed_controller":6,"minecraft:spawner":1,"minecraft:light_blue_stained_glass":2,"minecraft:polished_blackstone_bricks":3,"minecraft:tall_seagrass":2,"minecraft:barrel":6,"minecraft:cobbled_deepslate":29,"minecraft:fire":15,"minecraft:deepslate_lapis_ore":9,"minecraft:enchanting_table":1,"create:calcite_pillar":9,"minecraft:water_cauldron":4,"create:gearshift":1,"create:mechanical_press":12,"create:item_drain":10,"create:cogwheel":28,"minecraft:kelp_plant":17,"minecraft:crimson_nylium":7,"minecraft:soul_fire":5,"scalinghealth:deepslate_heart_crystal_ore":5,"minecraft:torch":22,"minecraft:oxidized_copper":3,"minecraft:polished_andesite_stairs":11,"minecraft:glass":32,"minecraft:sugar_cane":8,"minecraft:white_terracotta":5,"create:basin":2,"create:andesite_belt_funnel":1,"minecraft:wheat":15,"storagedrawers:oak_full_drawers_1":5,"create:mechanical_mixer":3,"create:brass_belt_funnel":1,"create:copycat_panel":26,"storagedrawers:oak_full_drawers_2":2,"minecraft:grass":16,"minecraft:oak_fence_gate":7,"create:hand_crank":8,"minecraft:smooth_basalt":1,"minecraft:stonecutter":6,"create:linear_chassis":29,"minecraft:deepslate":202,"minecraft:yellow_terracotta":1,"create:zinc_ore":33,"minecraft:deepslate_tiles":230,"mcwbridges:andesite_bridge_stair":4,"create:millstone":10,"farmersdelight:wild_carrots":1,"minecraft:sea_lantern":4,"create:fluid_tank":32,"minecraft:nether_bricks":1,"minecraft:crimson_roots":2,"mcwbridges:andesite_bridge":5,"minecraft:redstone_wire":1,"create:encased_fan":20,"create:polished_cut_calcite_slab":15,"minecraft:moss_block":2,"minecraft:redstone_ore":3,"create:shaft":69,"minecraft:snow":3,"minecraft:green_terracotta":1,"minecraft:andesite":765,"minecraft:potatoes":4,"minecraft:vine":11,"minecraft:cobblestone_slab":6,"create:cart_assembler":4,"minecraft:rail":13,"create:chute":2,"create:deployer":10,"create:polished_cut_calcite":1,"minecraft:glass_pane":2,"minecraft:soul_sand":4,"minecraft:stone_brick_slab":6,"storagedrawers:oak_full_drawers_4":12,"create:fluid_pipe":10,"create:mechanical_pump":14,"minecraft:emerald_ore":1,"create:water_wheel":7,"endofherobrine:glowing_obsidian":1,"minecraft:tall_grass":4,"minecraft:copper_ore":3,"minecraft:deepslate_gold_ore":37,"endofherobrine:mossy_stone_bricks":23,"create:mechanical_saw":3,"create:blaze_burner":20,"minecraft:coarse_dirt":423,"minecraft:cobblestone_wall":10,"create:gearbox":59,"create:powered_latch":7,"minecraft:spruce_log":8,"create:crushing_wheel":2,"create:mechanical_drill":2,"create:mechanical_bearing":2,"minecraft:gravel":66,"minecraft:dripstone_block":16,"minecraft:cobweb":30,"minecraft:stone_bricks":198,"create:andesite_funnel":1,"minecraft:gold_ore":12,"create:deepslate_zinc_ore":17,"minecraft:spruce_planks":1,"minecraft:farmland":1,"create:brass_encased_shaft":1,"minecraft:potted_cactus":2,"minecraft:brewing_stand":1,"minecraft:grass_block":376,"create:brass_door":4,"minecraft:cracked_polished_blackstone_bricks":6,"create:powered_shaft":2,"create:tiled_glass":5,"minecraft:gilded_blackstone":1,"minecraft:smooth_stone":599,"minecraft:iron_ore":146,"minecraft:pointed_dripstone":1,"minecraft:iron_bars":13,"minecraft:deepslate_redstone_ore":62,"minecraft:quartz_block":22,"minecraft:cyan_terracotta":84,"create:steam_engine":2,"minecraft:calcite":1822,"minecraft:chest":10,"create:brass_casing":62,"minecraft:nether_quartz_ore":44,"minecraft:cobblestone":143,"minecraft:oak_planks":84,"minecraft:iron_door":5,"minecraft:wall_torch":46,"minecraft:cauldron":4,"create:large_water_wheel":5,"minecraft:seagrass":4,"farmersdelight:sandy_shrub":1,"create:glass_fluid_pipe":4,"minecraft:nether_wart_block":1,"minecraft:smooth_stone_slab":7,"create:spout":5,"minecraft:oak_log":57,"minecraft:sand":99,"minecraft:dirt":528,"create:encased_chain_drive":26,"minecraft:netherrack":168,"minecraft:oak_leaves":26,"minecraft:nether_gold_ore":7,"minecraft:tuff":37,"minecraft:deepslate_diamond_ore":21,"minecraft:glow_lichen":1,"minecraft:lever":6,"mcwdoors:garage_white_door":10,"minecraft:decorated_pot":1,"create:large_cogwheel":11,"create:depot":14,"minecraft:spruce_leaves":38,"create:layered_calcite":4,"minecraft:hay_block":62,"minecraft:furnace":2,"minecraft:carrots":8,"create:scorchia":1,"minecraft:chiseled_deepslate":3,"minecraft:gold_block":16,"minecraft:polished_deepslate":71,"minecraft:bookshelf":21,"minecraft:deepslate_iron_ore":83,"minecraft:stripped_oak_log":18,"minecraft:stone":1076,"minecraft:redstone_wall_torch":3,"travelersbackpack:standard":8,"minecraft:crafting_table":8,"minecraft:andesite_wall":1,"minecraft:stone_slab":5,"mcwdoors:metal_windowed_door":1,"minecraft:lapis_ore":17,"minecraft:birch_planks":8,"minecraft:ice":3,"dramaticdoors:tall_oak_door":2,"mcwbridges:iron_bridge_stair":6,"mcwbridges:iron_bridge":8,"farmersdelight:tatami":10,"k_turrets:titanium_ore":8,"minecraft:coal_ore":86,"create:smart_chute":4,"create:mechanical_crafter":43,"minecraft:cracked_stone_bricks":50,"minecraft:polished_andesite":1057,"minecraft:mossy_stone_bricks":7,"create:andesite_encased_shaft":50},"minecraft:custom":{"minecraft:interact_with_crafting_table":495,"minecraft:open_barrel":124,"minecraft:leave_game":35,"minecraft:time_since_death":121230,"minecraft:damage_blocked_by_shield":8882,"minecraft:play_time":1899183,"minecraft:deaths":134,"minecraft:jump":17747,"minecraft:enchant_item":6,"minecraft:interact_with_furnace":58,"minecraft:play_record":4,"minecraft:sleep_in_bed":55,"minecraft:waystone_activated":2,"tombstone:sneak_grave":5,"minecraft:damage_dealt":49296,"tombstone:undead_killed":136,"minecraft:interact_with_smoker":1,"minecraft:use_cauldron":28,"minecraft:horse_one_cm":6031,"minecraft:interact_with_smithing_table":1,"minecraft:interact_with_anvil":4,"minecraft:inspect_hopper":6,"minecraft:sneak_time":63377,"minecraft:interact_with_blast_furnace":7,"minecraft:total_world_time":1899183,"tombstone:raider_killed":11,"minecraft:interact_with_stonecutter":90,"minecraft:time_since_rest":29175,"minecraft:swim_one_cm":73766,"minecraft:fly_one_cm":5174177,"minecraft:open_chest":1624,"minecraft:fall_one_cm":333932,"minecraft:damage_resisted":59,"minecraft:sprint_one_cm":4408579,"minecraft:drop":608,"minecraft:talked_to_villager":5,"minecraft:walk_on_water_one_cm":57327,"minecraft:crouch_one_cm":232201,"minecraft:mob_kills":260,"minecraft:fill_cauldron":4,"minecraft:damage_dealt_resisted":2457,"minecraft:climb_one_cm":8160,"minecraft:walk_one_cm":6536098,"minecraft:walk_under_water_one_cm":65398,"spartanshields:shield_bash_hits":9,"minecraft:interact_with_grindstone":1,"minecraft:damage_taken":57733,"minecraft:damage_absorbed":120}},"DataVersion":3465}