{"stats":{"minecraft:picked_up":{"minecraft:iron_chestplate":5,"minecraft:chainmail_boots":2,"minecraft:flower_pot":2,"minecraft:anvil":8,"minecraft:diamond_sword":3,"minecraft:stone_slab":4,"create:wrench":2,"minecraft:enchanted_book":5,"minecraft:golden_sword":1,"minecraft:polished_deepslate":4,"minecraft:music_disc_cat":1,"minecraft:string":84,"minecraft:diamond_leggings":2,"create:cart_assembler":6,"minecraft:gold_nugget":760,"minecraft:cobbled_deepslate":1170,"minecraft:spruce_planks":9,"pointblank:workstation":1,"minecraft:golden_helmet":1,"create:andesite_casing":17,"create_sa:small_fueling_tank":1,"minecraft:golden_chestplate":2,"minecraft:green_terracotta":50,"create:scoria":2,"create:ochrum":4,"minecraft:cyan_terracotta":143,"mcwdoors:metal_windowed_door":4,"farmersdelight:rope":7,"marbledsarsenal:black_juggernaut_armor_leggings":1,"minecraft:blaze_rod":10,"mcwdoors:garage_white_door":18,"minecraft:iron_bars":7,"minecraft:snowball":101,"minecraft:birch_log":21,"minecraft:furnace_minecart":6,"storagedrawers:oak_full_drawers_4":17,"minecraft:cooked_beef":1,"minecraft:magma_block":69,"minecraft:feather":13,"minecraft:oxidized_copper":3,"minecraft:iron_door":4,"minecraft:water_bucket":1,"minecraft:flint":139,"farmersdelight:tomato":20,"minecraft:lantern":1,"create:encased_chain_drive":1,"tacz:ammo_box":1,"minecraft:gray_terracotta":2,"create:goggles":3,"minecraft:moss_block":42,"create:empty_blaze_burner":9,"minecraft:lime_terracotta":20,"create:copycat_panel":1,"scalinghealth:enchanted_heart":3,"minecraft:stripped_spruce_log":27,"mcwbridges:andesite_bridge":2,"create:tiled_glass":4,"minecraft:barrel":1,"minecraft:bundle":1,"minecraft:iron_hoe":7,"dramaticdoors:tall_oak_door":2,"minecraft:polished_andesite":21,"minecraft:lever":6,"minecraft:granite":28,"minecraft:chainmail_helmet":3,"minecraft:bread":3,"create:precision_mechanism":1,"minecraft:diamond_pickaxe":5,"create:copper_sheet":32,"minecraft:coarse_dirt":650,"minecraft:crafting_table":4,"minecraft:leather_leggings":3,"create:propeller":6,"tacz:ammo":2223,"minecraft:iron_shovel":1,"minecraft:cracked_stone_bricks":4,"farmersdelight:beef_patty":15,"minecraft:beef":14,"minecraft:iron_nugget":1663,"minecraft:chest":27,"minecraft:birch_sapling":1,"minecraft:piston":4,"minecraft:egg":4,"create:polished_rose_quartz":2,"minecraft:stone":8,"minecraft:oak_door":1,"minecraft:fire_charge":2,"pointblank:gunmetal_nugget":1002,"create_sa:brass_jetpack_chestplate":2,"minecraft:carrot":17,"minecraft:redstone":275,"create:brass_casing":9,"create:vertical_gearbox":2,"mutantmonsters:creeper_shard":2,"travelersbackpack:snow":1,"minecraft:diamond_chestplate":3,"minecraft:shears":1,"minecraft:yellow_terracotta":4,"minecraft:gold_ingot":275,"create:cut_calcite_bricks":190,"minecraft:mutton":50,"minecraft:rail":11,"minecraft:white_wool":31,"minecraft:stripped_oak_log":5,"create:iron_sheet":2,"create:brass_sheet":1,"toughasnails:purified_water_bottle":1,"minecraft:oak_log":555,"minecraft:ancient_debris":2,"scalinghealth:bandages":34,"minecraft:golden_boots":1,"farmersdelight:skillet":1,"mutantmonsters:mutant_skeleton_limb":1,"scalinghealth:medkit":1,"minecraft:white_banner":4,"minecraft:birch_pressure_plate":8,"minecraft:stone_bricks":41,"minecraft:apple":2,"minecraft:oak_fence_gate":16,"scalinghealth:power_crystal_shard":22,"marbledsarsenal:black_juggernaut_armor_helmet":1,"tombstone:bag_of_seeds":2,"minecraft:glass_bottle":2,"minecraft:iron_sword":17,"create:mechanical_saw":1,"minecraft:sweet_berries":9,"minecraft:torchflower_seeds":2,"minecraft:gravel":356,"marbledsarsenal:black_juggernaut_armor_boots":1,"minecraft:spruce_sapling":12,"minecraft:spruce_log":58,"minecraft:leather_helmet":1,"travelersbackpack:standard":2,"minecraft:slime_ball":2,"tacz:modern_kinetic_gun":26,"create_sa:zinc_handle":1,"minecraft:warped_roots":5,"minecraft:lodestone":3,"minecraft:oak_button":3,"minecraft:melon_seeds":1,"minecraft:ender_pearl":5,"minecraft:wheat":7,"create:mechanical_crafter":2,"boh:spinel":22,"minecraft:potion":3,"minecraft:gilded_blackstone":32,"create:furnace_minecart_contraption":3,"minecraft:raw_copper":2313,"mutantmonsters:mutant_skeleton_skull":1,"minecraft:smooth_stone_slab":194,"minecraft:iron_leggings":6,"create:sand_paper":2,"minecraft:deepslate_tiles":131,"farmersdelight:cabbage":8,"minecraft:bucket":4,"minecraft:smooth_stone":29,"create:sturdy_sheet":1,"minecraft:redstone_torch":1,"minecraft:calcite":266,"minecraft:iron_pickaxe":4,"minecraft:furnace":2,"farmersdelight:cabbage_seeds":29,"minecraft:iron_boots":4,"minecraft:tipped_arrow":3,"minecraft:stick":5,"farmersdelight:rotten_tomato":1,"minecraft:torch":79,"storagedrawers:spruce_full_drawers_4":5,"minecraft:porkchop":31,"tacz:attachment":9,"tombstone:grave_dust":38,"minecraft:diorite":5,"create:large_cogwheel":23,"minecraft:quartz_block":23,"minecraft:rotten_flesh":196,"farmersdelight:tree_bark":22,"minecraft:music_disc_ward":2,"create:asurine":9,"minecraft:music_disc_wait":2,"minecraft:cobblestone":421,"minecraft:leather_chestplate":1,"minecraft:magma_cream":14,"minecraft:andesite":1942,"minecraft:golden_leggings":1,"minecraft:potato":151,"paraglider:spirit_orb":18,"storagedrawers:drawer_key":1,"minecraft:tuff":91,"create:raw_zinc":143,"create:incomplete_precision_mechanism":1,"skilltree:gem":929,"minecraft:lapis_lazuli":177,"minecraft:dirt":277,"minecraft:name_tag":1,"minecraft:leather_boots":6,"minecraft:bone":181,"minecraft:bow":8,"minecraft:wheat_seeds":27,"marbledsarsenal:black_juggernaut_armor_chestplate":1,"minecraft:raw_gold":323,"minecraft:mossy_stone_bricks":2,"minecraft:oak_planks":25,"minecraft:ghast_tear":1,"minecraft:music_disc_13":2,"create:cogwheel":33,"minecraft:oak_pressure_plate":8,"minecraft:poisonous_potato":1,"minecraft:sand":82,"minecraft:grass_block":1,"farmersdelight:ham":6,"pointblank:cp2077_tsunami_nekomata":1,"minecraft:diamond":446,"minecraft:slime_block":6,"waystones:waystone":3,"minecraft:crossbow":1,"scalinghealth:cursed_heart":5,"minecraft:emerald":12,"minecraft:oak_sapling":28,"minecraft:netherrack":4344,"minecraft:oak_leaves":2,"boh:venison":53,"minecraft:chicken":6,"minecraft:ladder":1,"minecraft:shield":7,"minecraft:iron_axe":7,"minecraft:blackstone":7,"skilltree:golden_ring":1,"scalinghealth:chance_heart":2,"create:linear_chassis":2,"minecraft:raw_iron":854,"minecraft:copper_ingot":110,"create_sa:steam_engine":1,"minecraft:music_disc_11":2,"create_sa:small_filling_tank":1,"create:zinc_ingot":1,"create:deployer":1,"travelersbackpack:sponge":3,"minecraft:arrow":199,"minecraft:nether_bricks":5,"k_turrets:raw_titanium":9,"minecraft:saddle":1,"arcanelanterns:lantern_maker":5,"minecraft:basalt":65,"minecraft:leather":59,"minecraft:birch_planks":26,"minecraft:chainmail_chestplate":4,"create:andesite_alloy":7,"minecraft:yellow_bed":2,"minecraft:gunpowder":301,"minecraft:cobblestone_wall":4,"create:blaze_burner":1,"farmersdelight:tatami":23,"scalinghealth:heart_crystal":49,"minecraft:iron_ingot":7,"minecraft:cooked_chicken":6,"minecraft:soul_sand":3,"minecraft:book":54,"scalinghealth:heart_crystal_shard":105,"minecraft:warped_fungus":39,"minecraft:quartz":7837,"minecraft:dripstone_block":12,"minecraft:lava_bucket":2,"minecraft:amethyst_shard":5,"minecraft:white_bed":1,"minecraft:spider_eye":11,"alexsmobs:raw_catfish":3,"create:brass_ingot":62,"minecraft:chainmail_leggings":5,"create:encased_fan":4,"minecraft:iron_helmet":2,"tombstone:magic_scroll":8,"minecraft:coal":976},"minecraft:killed":{"minecraft:skeleton":79,"minecraft:chicken":5,"boh:rat":1,"alexsmobs:seal":1,"mutantmonsters:mutant_skeleton":3,"minecraft:pillager":7,"minecraft:donkey":2,"minecraft:zombie":82,"mutantmonsters:mutant_creeper":4,"endofherobrine:pigman":1,"minecraft:cow":6,"minecraft:vindicator":4,"minecraft:horse":8,"mutantmonsters:creeper_minion":49,"minecraft:enderman":5,"endofherobrine:silverfish":19,"minecraft:zombified_piglin":1,"minecraft:witch":3,"minecraft:spider":27,"minecraft:bee":1,"minecraft:illusioner":1,"minecraft:pig":4,"minecraft:zombie_villager":1,"alexsmobs:stradpole":1,"minecraft:creeper":104,"boh:deer":26,"minecraft:sheep":11,"endofherobrine:cow":3,"minecraft:blaze":7,"minecraft:slime":5,"minecraft:phantom":9,"boh:souichi":1,"boh:deer_mimic":2,"alexsmobs:crow":1,"mutantmonsters:mutant_zombie":1,"endofherobrine:sheep":25},"minecraft:used":{"minecraft:ladder":1,"minecraft:chest":6,"create:tiled_glass":4,"minecraft:soul_sand":3,"minecraft:azure_bluet":1,"minecraft:snowball":49,"minecraft:stripped_spruce_log":27,"minecraft:lava_bucket":47,"minecraft:music_disc_ward":3,"minecraft:quartz_block":7,"create:rotation_speed_controller":1,"minecraft:sweet_berries":8,"minecraft:oak_sapling":8,"minecraft:furnace":6,"minecraft:egg":4,"minecraft:potato":44,"minecraft:mossy_stone_bricks":2,"minecraft:diorite":5,"minecraft:blackstone":3,"minecraft:wooden_pickaxe":26,"minecraft:oak_leaves":1,"minecraft:sand":1,"farmersdelight:tatami":26,"mutantmonsters:mutant_skeleton_skull":1,"minecraft:deepslate_tiles":56,"scalinghealth:enchanted_heart":6,"spartanshields:diamond_tower_shield":39,"minecraft:oak_pressure_plate":7,"minecraft:diamond_sword":1496,"travelersbackpack:magma_cube":6,"minecraft:smithing_table":1,"minecraft:birch_log":3,"minecraft:iron_bars":8,"minecraft:netherrack":100,"minecraft:torch":438,"minecraft:anvil":1,"minecraft:oak_fence_gate":16,"create:wrench":8,"minecraft:iron_axe":5,"mutantmonsters:creeper_shard":1,"marbledsarsenal:black_juggernaut_armor_chestplate":1,"minecraft:barrel":1,"minecraft:diamond_chestplate":17,"minecraft:basalt":1,"minecraft:oxidized_copper":3,"tombstone:gift":10,"minecraft:cobbled_deepslate":338,"minecraft:pointed_dripstone":3,"minecraft:calcite":223,"minecraft:wheat_seeds":9,"minecraft:water_bucket":9,"boh:cooked_venison":6,"storagedrawers:compacting_drawers_3":2,"storagedrawers:spruce_full_drawers_4":9,"minecraft:cauldron":3,"create:furnace_minecart_contraption":2,"minecraft:cracked_stone_bricks":4,"minecraft:gilded_blackstone":1,"minecraft:rail":8,"minecraft:crafting_table":4,"minecraft:white_bed":1,"minecraft:spruce_log":2,"minecraft:oak_log":1,"minecraft:diamond_pickaxe":11575,"minecraft:diamond_shovel":367,"tombstone:tablet_of_assistance":4,"minecraft:oak_button":2,"minecraft:iron_pickaxe":2054,"tombstone:magic_scroll":3,"minecraft:cobblestone":133,"minecraft:potion":1,"travelersbackpack:standard":5,"storagedrawers:oak_full_drawers_4":35,"toughasnails:purified_water_canteen":133,"minecraft:stripped_oak_log":3,"minecraft:dandelion":3,"minecraft:diamond_leggings":3,"minecraft:polished_deepslate":132,"minecraft:shield":31,"minecraft:iron_sword":433,"tacz:statue":2,"minecraft:green_terracotta":29,"minecraft:iron_chestplate":5,"minecraft:birch_pressure_plate":8,"mcwdoors:garage_white_door":16,"create:cogwheel":5,"minecraft:nether_bricks":10,"minecraft:carrot":4,"minecraft:furnace_minecart":5,"minecraft:tuff":59,"minecraft:music_disc_11":1,"minecraft:music_disc_13":1,"minecraft:glass":1,"minecraft:cyan_terracotta":111,"farmersdelight:tomato":1,"minecraft:lantern":1,"create:scoria":2,"minecraft:stone_bricks":21,"pointblank:workstation":1,"mcwdoors:metal_windowed_door":4,"create:mechanical_drill":3,"minecraft:stone_pickaxe":366,"minecraft:oak_planks":3,"create_sa:brass_jetpack_chestplate":16,"toughasnails:water_canteen":19,"minecraft:white_wool":2,"minecraft:yellow_terracotta":1,"minecraft:dripstone_block":3,"minecraft:shears":2,"waystones:waystone":1,"minecraft:lever":5,"minecraft:bread":5,"tombstone:grave_key":36,"minecraft:iron_door":2,"minecraft:gravel":8,"storagedrawers:quantify_key":23,"minecraft:grindstone":2,"minecraft:andesite":627,"minecraft:smooth_stone_slab":156,"minecraft:coarse_dirt":68,"marbledsarsenal:black_juggernaut_armor_leggings":1,"minecraft:bone_meal":46,"create:large_cogwheel":3,"farmersdelight:diamond_knife":82,"tacz:gun_smith_table":1,"minecraft:spruce_planks":9,"minecraft:cooked_chicken":7,"minecraft:dirt":180,"scalinghealth:heart_crystal":1,"toughasnails:empty_canteen":27,"minecraft:cobblestone_wall":4,"minecraft:diamond_helmet":1,"minecraft:granite":9,"minecraft:iron_hoe":141,"minecraft:wooden_axe":38,"minecraft:iron_boots":1,"create:cart_assembler":4,"scalinghealth:power_crystal":1,"travelersbackpack:snow":1,"arcanelanterns:lantern_maker":2,"travelersbackpack:sponge":4,"minecraft:cooked_beef":3,"minecraft:iron_leggings":7,"minecraft:snow_block":3,"create:empty_blaze_burner":8,"minecraft:glass_bottle":87,"minecraft:polished_andesite":6,"minecraft:baked_potato":243,"marbledsarsenal:black_juggernaut_armor_helmet":1,"scalinghealth:chance_heart":2,"create:cut_calcite_bricks":103,"minecraft:music_disc_cat":1,"tombstone:bag_of_seeds":2,"minecraft:flower_pot":2,"minecraft:apple":2,"dramaticdoors:tall_oak_door":4,"toughasnails:purified_water_bottle":83,"minecraft:white_banner":4,"minecraft:bucket":76,"minecraft:yellow_bed":1,"storagedrawers:drawer_key":2,"minecraft:smooth_stone":9,"minecraft:chainmail_leggings":2},"minecraft:crafted":{"minecraft:rotten_flesh":3,"travelersbackpack:crafting_upgrade":1,"minecraft:oak_pressure_plate":1,"spartanshields:wooden_tower_shield":1,"minecraft:diamond_shovel":1,"minecraft:bookshelf":15,"minecraft:glass":48,"minecraft:quartz_block":768,"create:rotation_speed_controller":1,"minecraft:repeater":1,"minecraft:diamond_helmet":5,"minecraft:diamond_leggings":6,"storagedrawers:oak_full_drawers_4":24,"dramaticdoors:tall_oak_door":2,"spartanshields:diamond_tower_shield":1,"create:rose_quartz":2,"skilltree:gem":98,"skilltree:iron_ring":1,"skilltree:scholar_necklace":1,"storagedrawers:oak_full_drawers_1":4,"minecraft:smithing_table":1,"minecraft:copper_ingot":284,"minecraft:stone_slab":2,"minecraft:iron_pickaxe":1,"minecraft:iron_block":4,"minecraft:gold_ingot":569,"storagedrawers:upgrade_template":8,"tombstone:book_of_disenchantment":3,"pointblank:guninternals":24,"minecraft:spider_eye":1,"minecraft:iron_nugget":13,"storagedrawers:spruce_full_drawers_4":4,"minecraft:bone_meal":18,"travelersbackpack:blank_upgrade":4,"travelersbackpack:gold_tier_upgrade":1,"travelersbackpack:magma_cube":1,"minecraft:ender_pearl":11,"minecraft:stone_pickaxe":4,"minecraft:diamond_boots":6,"skilltree:golden_ring":1,"create:electron_tube":2,"minecraft:enchanting_table":1,"tacz:gun_smith_table":1,"mobdropsrecipes_overworld:overworld_essence_common":289,"arcanelanterns:lantern_maker":4,"minecraft:gunpowder":32,"minecraft:wooden_axe":1,"minecraft:writable_book":1,"minecraft:iron_leggings":4,"minecraft:grindstone":2,"minecraft:oak_planks":396,"minecraft:barrel":28,"minecraft:stone":2,"create:deployer":2,"minecraft:hopper":16,"minecraft:iron_boots":2,"tombstone:grave_key":1,"minecraft:chest":28,"create:brass_hand":2,"minecraft:oak_slab":60,"travelersbackpack:iron_tier_upgrade":1,"minecraft:crafting_table":1,"minecraft:spruce_planks":72,"tacz:ammo_box":3,"minecraft:wooden_pickaxe":2,"minecraft:iron_helmet":2,"minecraft:birch_planks":2,"minecraft:string":9,"minecraft:book":2,"minecraft:iron_chestplate":2,"minecraft:charcoal":1,"minecraft:diamond_pickaxe":2,"minecraft:stick":71,"storagedrawers:fill_level_upgrade":1,"minecraft:iron_ingot":207,"minecraft:snow_block":3,"create_sa:medium_filling_tank":1,"minecraft:redstone_torch":3,"minecraft:trident":1,"toughasnails:empty_canteen":1,"minecraft:oak_door":3,"minecraft:redstone":3,"storagedrawers:quantify_key":1,"minecraft:furnace":4,"minecraft:slime_ball":6,"create:fluid_tank":28,"tacz:statue":2,"travelersbackpack:diamond_tier_upgrade":1,"storagedrawers:diamond_storage_upgrade":5,"create:andesite_alloy":53,"minecraft:diamond_sword":2,"pointblank:gunmetal_ingot":229,"travelersbackpack:backpack_tank":2,"minecraft:iron_sword":1,"scalinghealth:heart_crystal":15,"minecraft:air":1849,"storagedrawers:compacting_drawers_3":2,"minecraft:gold_nugget":9,"minecraft:anvil":1,"create:mechanical_drill":12,"minecraft:torch":142,"create:zinc_ingot":9,"minecraft:diamond_chestplate":4},"minecraft:broken":{"minecraft:diamond_helmet":3,"minecraft:iron_boots":2,"minecraft:diamond_pickaxe":2,"minecraft:iron_sword":1,"toughasnails:water_canteen":1,"minecraft:iron_helmet":3,"toughasnails:purified_water_canteen":24,"minecraft:stone_pickaxe":1,"minecraft:diamond_boots":2},"minecraft:killed_by":{"endofherobrine:sheep":2,"mutantmonsters:mutant_creeper":5,"minecraft:vindicator":7,"minecraft:zombie":30,"mutantmonsters:mutant_skeleton":7,"endofherobrine:cow":1,"minecraft:zombified_piglin":2,"minecraft:creeper":14,"minecraft:drowned":3,"minecraft:blaze":1,"minecraft:witch":1,"minecraft:illusioner":1,"minecraft:spider":5,"minecraft:enderman":2,"minecraft:skeleton":24,"minecraft:phantom":1,"endofherobrine:silverfish":1},"minecraft:dropped":{"minecraft:iron_sword":3,"marbledsarsenal:black_juggernaut_armor_chestplate":1,"minecraft:oak_pressure_plate":2,"minecraft:warped_roots":5,"farmersdelight:tatami":3,"create:fluid_tank":28,"minecraft:rail":2,"minecraft:leather_helmet":1,"minecraft:dirt":31,"create:cut_calcite_bricks":87,"create:goggles":2,"minecraft:iron_pickaxe":5,"minecraft:bone":17,"minecraft:lever":1,"minecraft:iron_nugget":554,"minecraft:golden_chestplate":2,"minecraft:obsidian":5,"minecraft:rotten_flesh":1,"boh:venison":5,"create:asurine":9,"minecraft:tipped_arrow":3,"minecraft:deepslate_tiles":75,"create:wrench":1,"minecraft:leather_boots":7,"create:mechanical_crafter":2,"farmersdelight:rope":7,"minecraft:leather_leggings":3,"tacz:attachment":1,"minecraft:enchanted_book":8,"minecraft:golden_boots":2,"minecraft:iron_ingot":4,"minecraft:wheat_seeds":5,"farmersdelight:skillet":1,"minecraft:dripstone_block":8,"minecraft:yellow_terracotta":3,"minecraft:iron_helmet":1,"minecraft:cobblestone":1,"create:precision_mechanism":2,"minecraft:granite":17,"minecraft:chainmail_helmet":4,"minecraft:coal":33,"alexsmobs:raw_catfish":3,"minecraft:polished_andesite":15,"create:andesite_casing":3,"minecraft:lava_bucket":3,"minecraft:lodestone":2,"skilltree:gem":10,"minecraft:diamond_helmet":2,"minecraft:potion":2,"minecraft:smooth_stone":17,"create:mechanical_drill":9,"minecraft:iron_shovel":1,"minecraft:chainmail_leggings":5,"minecraft:string":17,"pointblank:cp2077_tsunami_nekomata":1,"create:sand_paper":2,"minecraft:soul_soil":7,"create:ochrum":4,"minecraft:cobblestone_wall":1,"minecraft:smooth_stone_slab":1,"minecraft:iron_boots":3,"minecraft:stone_slab":1,"minecraft:name_tag":1,"minecraft:torchflower_seeds":2,"scalinghealth:power_crystal_shard":18,"create:copper_sheet":32,"minecraft:shears":1,"minecraft:diamond_sword":1,"minecraft:stone":8,"arcanelanterns:lantern_maker":4,"create:zinc_ingot":50,"minecraft:diamond_pickaxe":4,"marbledsarsenal:black_juggernaut_armor_helmet":1,"minecraft:stone_bricks":6,"tacz:ammo":158,"create:brass_casing":8,"minecraft:bow":8,"waystones:waystone":2,"skilltree:golden_ring":1,"create:vertical_gearbox":2,"minecraft:moss_block":42,"minecraft:oak_log":9,"minecraft:lime_terracotta":1,"travelersbackpack:standard":1,"minecraft:music_disc_13":1,"minecraft:flint":3,"minecraft:cyan_terracotta":16,"create:linear_chassis":2,"minecraft:snowball":41,"minecraft:gilded_blackstone":31,"minecraft:furnace_minecart":1,"create:iron_sheet":1,"create:large_cogwheel":1,"marbledsarsenal:black_juggernaut_armor_leggings":1,"minecraft:gravel":377,"minecraft:blackstone":3,"minecraft:chainmail_chestplate":5,"minecraft:leather_chestplate":1,"minecraft:melon_seeds":1,"minecraft:chainmail_boots":2,"create:brass_ingot":58,"minecraft:arrow":62,"minecraft:quartz":1771,"minecraft:oak_leaves":1,"minecraft:netherrack":1839,"minecraft:enchanting_table":1,"minecraft:water_bucket":1,"minecraft:golden_helmet":1,"scalinghealth:cursed_heart":6,"create:mechanical_saw":1,"minecraft:bookshelf":15,"pointblank:gunmetal_ingot":17,"minecraft:diamond_leggings":8,"minecraft:poisonous_potato":1,"scalinghealth:heart_crystal_shard":16,"farmersdelight:tree_bark":22,"minecraft:copper_ingot":51,"create_sa:brass_jetpack_chestplate":2,"tacz:ammo_box":3,"farmersdelight:golden_knife":1,"create:blaze_burner":8,"tombstone:magic_scroll":3,"minecraft:green_dye":2,"create:sturdy_sheet":5,"minecraft:iron_leggings":9,"tacz:modern_kinetic_gun":24,"minecraft:iron_axe":4,"mcwbridges:andesite_bridge":2,"minecraft:music_disc_wait":1,"minecraft:bucket":3,"farmersdelight:rotten_tomato":1,"minecraft:sweet_berries":1,"marbledsarsenal:black_juggernaut_armor_boots":1,"minecraft:coarse_dirt":581,"create:furnace_minecart_contraption":3,"minecraft:raw_copper":128,"minecraft:tuff":53,"farmersdelight:cabbage_seeds":4,"minecraft:iron_hoe":5,"minecraft:stripped_oak_log":1,"pointblank:gunmetal_nugget":1,"create:cart_assembler":2,"minecraft:gray_terracotta":2,"minecraft:shield":7,"minecraft:oak_button":1,"minecraft:diamond_chestplate":7,"minecraft:iron_chestplate":6,"minecraft:andesite":116,"toughasnails:purified_water_bottle":1,"minecraft:golden_leggings":1,"minecraft:oak_sapling":2,"create:deployer":3,"minecraft:golden_sword":2,"minecraft:diamond_boots":4,"minecraft:stone_pickaxe":2,"minecraft:wooden_pickaxe":1,"minecraft:calcite":10},"minecraft:mined":{"minecraft:white_bed":1,"create:andesite_casing":14,"create:cut_calcite_bricks":73,"minecraft:granite":28,"minecraft:oak_pressure_plate":8,"minecraft:spawner":12,"minecraft:light_blue_stained_glass":1,"minecraft:potted_warped_fungus":2,"minecraft:magma_block":69,"minecraft:fire":9,"minecraft:barrel":1,"minecraft:cobbled_deepslate":16,"minecraft:deepslate_lapis_ore":6,"create:cogwheel":5,"minecraft:crimson_nylium":1,"scalinghealth:deepslate_heart_crystal_ore":1,"minecraft:torch":9,"minecraft:oxidized_copper":3,"minecraft:white_stained_glass_pane":2,"farmersdelight:cabbages":9,"minecraft:glass":1,"mutantmonsters:mutant_skeleton_skull":1,"minecraft:wheat":8,"minecraft:warped_fungus":37,"minecraft:grass":37,"minecraft:oak_fence_gate":7,"minecraft:deepslate_tiles":2,"minecraft:deepslate":1139,"minecraft:yellow_terracotta":4,"create:zinc_ore":41,"travelersbackpack:snow":1,"minecraft:nether_bricks":5,"minecraft:moss_block":42,"minecraft:redstone_ore":14,"minecraft:snow":10,"minecraft:green_terracotta":50,"minecraft:andesite":1925,"minecraft:potatoes":48,"create:cart_assembler":3,"minecraft:white_wool":2,"minecraft:soul_sand":3,"storagedrawers:oak_full_drawers_4":10,"minecraft:warped_roots":4,"endofherobrine:glowing_obsidian":6,"minecraft:tall_grass":8,"minecraft:copper_ore":536,"minecraft:deepslate_gold_ore":131,"minecraft:diorite":5,"arcanelanterns:lantern_maker":1,"create:blaze_burner":1,"minecraft:coarse_dirt":342,"minecraft:spruce_log":20,"minecraft:gravel":74,"minecraft:dripstone_block":8,"minecraft:cobweb":33,"minecraft:stone_bricks":15,"minecraft:gold_ore":35,"create:deepslate_zinc_ore":37,"minecraft:spruce_planks":9,"minecraft:oak_sapling":1,"minecraft:farmland":22,"travelersbackpack:sponge":2,"minecraft:grass_block":6,"create:tiled_glass":1,"minecraft:gilded_blackstone":1,"minecraft:smooth_stone":9,"minecraft:iron_ore":631,"minecraft:anvil":4,"create:asurine":9,"minecraft:iron_bars":4,"minecraft:deepslate_redstone_ore":35,"minecraft:gray_terracotta":2,"minecraft:quartz_block":23,"minecraft:cyan_terracotta":69,"minecraft:blackstone":6,"minecraft:calcite":81,"minecraft:chest":9,"create:brass_casing":8,"minecraft:nether_quartz_ore":3501,"minecraft:cobblestone":10,"minecraft:slime_block":6,"minecraft:oak_planks":3,"minecraft:iron_door":1,"minecraft:wall_torch":41,"minecraft:deepslate_copper_ore":8,"boh:spinel_ore_ore":2,"minecraft:birch_log":3,"minecraft:smooth_stone_slab":76,"minecraft:oak_log":2,"minecraft:lime_terracotta":20,"minecraft:sand":84,"minecraft:dirt":65,"minecraft:ancient_debris":2,"minecraft:netherrack":3662,"minecraft:oak_leaves":31,"minecraft:nether_gold_ore":77,"minecraft:tuff":82,"minecraft:deepslate_diamond_ore":221,"minecraft:oak_door":1,"minecraft:lever":4,"mcwdoors:garage_white_door":11,"create:large_cogwheel":6,"create:ochrum":4,"minecraft:spruce_leaves":25,"minecraft:furnace":2,"minecraft:carrots":5,"minecraft:nether_sprouts":1,"minecraft:stripped_spruce_log":4,"minecraft:polished_deepslate":4,"minecraft:bookshelf":18,"minecraft:deepslate_iron_ore":41,"minecraft:lantern":1,"minecraft:stone":373,"minecraft:birch_pressure_plate":5,"minecraft:basalt":65,"minecraft:crafting_table":4,"minecraft:stone_slab":1,"mcwdoors:metal_windowed_door":2,"minecraft:lapis_ore":9,"dramaticdoors:tall_oak_door":1,"minecraft:yellow_bed":1,"farmersdelight:tatami":20,"k_turrets:titanium_ore":5,"minecraft:coal_ore":722,"minecraft:end_rod":1,"storagedrawers:spruce_full_drawers_4":1,"pointblank:workstation":1,"minecraft:lodestone":1,"minecraft:cracked_stone_bricks":2,"minecraft:polished_andesite":6,"minecraft:mossy_stone_bricks":1},"minecraft:custom":{"minecraft:interact_with_crafting_table":229,"minecraft:open_barrel":93,"minecraft:leave_game":22,"minecraft:time_since_death":22829,"minecraft:damage_blocked_by_shield":6230,"minecraft:play_time":2187801,"minecraft:deaths":111,"minecraft:jump":17183,"minecraft:interact_with_furnace":153,"minecraft:play_record":6,"minecraft:traded_with_villager":10,"minecraft:sleep_in_bed":60,"minecraft:waystone_activated":4,"tombstone:sneak_grave":3,"minecraft:damage_dealt":102766,"tombstone:use_disenchantment":3,"tombstone:undead_killed":168,"minecraft:interact_with_smoker":48,"minecraft:use_cauldron":31,"minecraft:horse_one_cm":5318,"minecraft:interact_with_smithing_table":10,"minecraft:interact_with_anvil":22,"minecraft:inspect_hopper":8,"minecraft:sneak_time":38077,"minecraft:interact_with_blast_furnace":31,"minecraft:total_world_time":2187801,"tombstone:raider_killed":16,"minecraft:interact_with_stonecutter":11,"minecraft:time_since_rest":22580,"minecraft:swim_one_cm":85656,"minecraft:fly_one_cm":2328677,"minecraft:open_chest":1185,"minecraft:fall_one_cm":216686,"minecraft:damage_resisted":148,"minecraft:sprint_one_cm":7086750,"minecraft:drop":607,"minecraft:talked_to_villager":8,"minecraft:interact_with_brewingstand":1,"minecraft:walk_on_water_one_cm":84941,"minecraft:crouch_one_cm":51160,"minecraft:mob_kills":547,"minecraft:damage_dealt_resisted":7115,"minecraft:climb_one_cm":39320,"minecraft:walk_one_cm":6278271,"tombstone:consume_soul":3,"minecraft:walk_under_water_one_cm":33879,"spartanshields:shield_bash_hits":14,"minecraft:interact_with_grindstone":12,"minecraft:damage_taken":57077}},"DataVersion":3465}