{"stats":{"minecraft:killed":{"the_pillager_legion_:veteran_infantryman_tpl":1,"minecraft:skeleton":3,"minecraft:husk":1},"minecraft:used":{"soulslikeuniverse:dagger":38},"minecraft:picked_up":{"minecraft:arrow":3,"minecraft:bone":3,"minecraft:rotten_flesh":1,"soulslikeuniverse:estusflask":4,"minecraft:bread":1,"the_pillager_legion_:legion_axe_tpl":1,"minecraft:coal":3},"minecraft:custom":{"minecraft:time_since_rest":6938,"minecraft:open_chest":4,"minecraft:crouch_one_cm":208,"minecraft:sprint_one_cm":3686,"minecraft:play_time":6938,"tombstone:undead_killed":4,"minecraft:walk_one_cm":20405,"minecraft:sneak_time":480,"minecraft:mob_kills":5,"minecraft:jump":12,"minecraft:damage_dealt":1812,"minecraft:leave_game":2,"minecraft:time_since_death":6938,"minecraft:total_world_time":8061,"minecraft:fly_one_cm":301525}},"DataVersion":3465}