{"stats":{"minecraft:picked_up":{"boh:spinel":20,"minecraft:enchanted_book":6,"minecraft:soul_soil":7,"minecraft:string":11,"mutantmonsters:mutant_skeleton_skull":3,"minecraft:raw_copper":17,"minecraft:smooth_stone_slab":11,"minecraft:iron_leggings":2,"minecraft:smooth_stone":2,"minecraft:gold_nugget":130,"minecraft:cobbled_deepslate":462,"minecraft:bucket":1,"minecraft:spruce_planks":1,"minecraft:redstone_torch":7,"minecraft:calcite":125,"minecraft:iron_pickaxe":2,"minecraft:golden_helmet":1,"pointblank:gunmetal_ingot":17,"minecraft:stick":256,"minecraft:torch":62,"tacz:attachment":3,"tombstone:grave_dust":8,"minecraft:pointed_dripstone":2,"minecraft:golden_chestplate":1,"minecraft:green_terracotta":51,"mutantmonsters:mutant_skeleton_pelvis":2,"minecraft:rotten_flesh":48,"minecraft:cyan_terracotta":21,"mcwdoors:metal_windowed_door":2,"minecraft:blaze_rod":1,"mutantmonsters:mutant_skeleton_shoulder_pad":3,"mcwdoors:garage_white_door":9,"minecraft:obsidian":6,"minecraft:iron_bars":144,"minecraft:snowball":7,"minecraft:cobblestone":192,"minecraft:birch_log":208,"storagedrawers:oak_full_drawers_4":3,"minecraft:leather_chestplate":2,"pointblank:guninternals":15,"minecraft:andesite":73,"paraglider:spirit_orb":12,"minecraft:flint":29,"minecraft:tuff":61,"create:raw_zinc":23,"alexsmobs:rocky_shell":1,"skilltree:gem":59,"minecraft:lapis_lazuli":11,"minecraft:dirt":4088,"tacz:ammo_box":1,"minecraft:bone":47,"minecraft:gray_terracotta":8,"minecraft:bow":5,"minecraft:wheat_seeds":30,"minecraft:raw_gold":20,"minecraft:oak_planks":184,"minecraft:lime_terracotta":30,"minecraft:sand":1099,"minecraft:ink_sac":24,"minecraft:barrel":1,"minecraft:mossy_cobblestone":4,"travelersbackpack:white_sleeping_bag":1,"minecraft:bundle":3,"pointblank:cp2077_tsunami_nekomata":3,"minecraft:diamond":26,"minecraft:golden_horse_armor":1,"minecraft:chainmail_helmet":1,"minecraft:oak_sapling":467,"minecraft:netherrack":540,"minecraft:diamond_pickaxe":4,"minecraft:cocoa_beans":1,"minecraft:charcoal":1,"minecraft:coarse_dirt":49,"minecraft:crafting_table":4,"minecraft:allium":14,"minecraft:azure_bluet":8,"boh:venison":7,"minecraft:iron_axe":1,"create:scorchia":4,"tacz:ammo":480,"minecraft:blackstone":4,"minecraft:cracked_stone_bricks":1,"travelersbackpack:horse":1,"minecraft:andesite_stairs":1,"farmersdelight:straw":1,"minecraft:birch_sapling":27,"minecraft:phantom_membrane":2,"minecraft:egg":2,"minecraft:raw_iron":23,"pointblank:gunmetal_nugget":181,"minecraft:polished_blackstone_bricks":5,"minecraft:cookie":5,"minecraft:carrot":2,"minecraft:redstone":41,"minecraft:arrow":80,"k_turrets:raw_titanium":1,"minecraft:yellow_terracotta":30,"mutantmonsters:mutant_skeleton_rib":9,"minecraft:saddle":1,"minecraft:gold_ingot":3,"create:cut_calcite_bricks":10,"minecraft:rail":3,"minecraft:stripped_oak_log":4,"minecraft:basalt":3,"minecraft:leather":5,"minecraft:red_mushroom":1,"minecraft:birch_planks":11,"pointblank:ammo338lapua":22,"alexsmobs:cachalot_whale_tooth":1,"minecraft:oak_log":1734,"minecraft:chainmail_chestplate":1,"scalinghealth:bandages":18,"minecraft:golden_boots":1,"minecraft:nether_wart_block":2,"minecraft:gunpowder":29,"scalinghealth:heart_crystal":9,"farmersdelight:skillet":1,"mutantmonsters:mutant_skeleton_limb":15,"tombstone:gift":1,"scalinghealth:medkit":1,"minecraft:stone_bricks":5,"minecraft:apple":36,"boh:kindness_flower":1,"minecraft:iron_ingot":1,"artifacts:kitty_slippers":1,"scalinghealth:power_crystal_shard":1,"tombstone:bag_of_seeds":2,"minecraft:iron_sword":1,"scalinghealth:heart_crystal_shard":5,"minecraft:smooth_basalt":2,"minecraft:sweet_berries":14,"minecraft:quartz":259,"minecraft:dandelion":5,"minecraft:gravel":379,"minecraft:amethyst_shard":5,"minecraft:spruce_sapling":19,"minecraft:spruce_log":27,"minecraft:spruce_door":4,"travelersbackpack:wolf":1,"minecraft:slime_ball":3,"tacz:modern_kinetic_gun":6,"minecraft:chainmail_leggings":2,"minecraft:oak_button":1,"minecraft:melon_seeds":2,"minecraft:coal":18},"minecraft:crafted":{"minecraft:oak_planks":1227,"minecraft:diamond_shovel":2,"minecraft:quartz_block":64,"minecraft:repeater":6,"minecraft:diamond_helmet":2,"minecraft:diamond_leggings":1,"tombstone:grave_key":1,"minecraft:chest":3,"minecraft:golden_sword":1,"pointblank:gunmetal_mesh":73,"minecraft:diamond_axe":1,"minecraft:crafting_table":4,"minecraft:spruce_planks":13,"farmersdelight:flint_knife":1,"minecraft:wooden_pickaxe":1,"minecraft:spruce_door":3,"minecraft:birch_planks":91,"minecraft:diamond_pickaxe":1,"minecraft:stick":18,"minecraft:iron_ingot":3,"minecraft:iron_pickaxe":2,"minecraft:andesite_stairs":8,"minecraft:redstone_torch":5,"minecraft:light_gray_stained_glass_pane":80,"pointblank:guninternals":15,"minecraft:light_gray_stained_glass":32,"minecraft:iron_nugget":9,"minecraft:iron_axe":8,"minecraft:stone_pickaxe":1,"minecraft:diamond_boots":1,"minecraft:diamond_sword":1,"pointblank:gunmetal_ingot":1,"pointblank:processor":1,"minecraft:bucket":1,"minecraft:air":4524,"minecraft:iron_shovel":8,"minecraft:torch":6,"minecraft:diamond_chestplate":1},"minecraft:killed":{"endofherobrine:silverfish":1,"minecraft:zombified_piglin":2,"minecraft:witch":1,"minecraft:spider":9,"minecraft:skeleton":38,"minecraft:piglin":2,"minecraft:zombie_villager":1,"mutantmonsters:mutant_skeleton":2,"minecraft:creeper":21,"boh:deer":4,"minecraft:zombie":25,"minecraft:ghast":1,"mutantmonsters:mutant_creeper":2,"minecraft:blaze":11,"minecraft:slime":2,"minecraft:phantom":12,"minecraft:hoglin":1,"mutantmonsters:creeper_minion":3,"minecraft:wither_skeleton":1},"minecraft:used":{"travelersbackpack:horse":1,"minecraft:iron_shovel":2017,"minecraft:light_gray_stained_glass_pane":64,"create:scorchia":4,"minecraft:chest":3,"minecraft:iron_sword":119,"minecraft:rotten_flesh":1,"minecraft:green_terracotta":8,"mcwdoors:garage_white_door":9,"minecraft:allium":2,"minecraft:tuff":47,"minecraft:snowball":7,"minecraft:azure_bluet":1,"minecraft:glass":45,"minecraft:cyan_terracotta":61,"minecraft:lava_bucket":4,"boh:venison":4,"minecraft:birch_sapling":39,"minecraft:stone_bricks":5,"minecraft:golden_sword":30,"mcwdoors:metal_windowed_door":2,"minecraft:oak_sapling":315,"minecraft:cooked_cod":15,"minecraft:egg":2,"minecraft:diamond_boots":1,"minecraft:spruce_door":1,"minecraft:oak_planks":4591,"minecraft:stone_pickaxe":117,"minecraft:blackstone":4,"minecraft:wooden_pickaxe":58,"minecraft:diamond_axe":128,"minecraft:cookie":5,"minecraft:sand":67,"minecraft:yellow_terracotta":4,"mutantmonsters:mutant_skeleton_skull":3,"tombstone:grave_key":110,"minecraft:iron_door":2,"minecraft:gravel":3,"minecraft:nether_wart_block":2,"minecraft:diamond_sword":314,"minecraft:birch_log":8,"minecraft:andesite":61,"minecraft:smooth_stone_slab":10,"minecraft:coarse_dirt":109,"minecraft:iron_bars":48,"minecraft:spruce_planks":22,"minecraft:netherrack":350,"minecraft:oak_door":1,"minecraft:torch":62,"minecraft:dirt":3905,"minecraft:spyglass":10,"minecraft:diamond_helmet":2,"minecraft:golden_chestplate":1,"minecraft:light_gray_stained_glass":2,"minecraft:iron_axe":2232,"minecraft:diamond_chestplate":1,"minecraft:basalt":3,"tombstone:gift":5,"minecraft:cobbled_deepslate":462,"minecraft:calcite":87,"minecraft:water_bucket":5,"minecraft:birch_planks":76,"minecraft:baked_potato":4,"minecraft:glass_bottle":3,"minecraft:red_nether_bricks":8,"minecraft:polished_blackstone_bricks":5,"create:cut_calcite_bricks":13,"minecraft:lime_terracotta":27,"minecraft:rail":2,"minecraft:crafting_table":8,"travelersbackpack:wolf":17,"minecraft:spruce_log":2,"minecraft:dark_oak_door":1,"tombstone:bag_of_seeds":1,"minecraft:oak_log":15,"minecraft:diamond_pickaxe":1951,"minecraft:apple":26,"minecraft:diamond_shovel":3120,"minecraft:oak_button":3,"minecraft:iron_pickaxe":673,"tombstone:magic_scroll":2,"minecraft:spruce_sapling":1,"minecraft:cobblestone":173,"storagedrawers:oak_full_drawers_4":3,"toughasnails:purified_water_bottle":4,"minecraft:andesite_stairs":8,"minecraft:bucket":10,"alexsmobs:animal_dictionary":2,"minecraft:stripped_oak_log":4,"minecraft:smooth_stone":2,"minecraft:diamond_leggings":1},"minecraft:broken":{"minecraft:golden_helmet":2,"minecraft:iron_shovel":8,"minecraft:golden_boots":1,"minecraft:diamond_helmet":1,"minecraft:iron_boots":1,"minecraft:golden_sword":1,"minecraft:diamond_shovel":2,"minecraft:diamond_pickaxe":1,"minecraft:iron_sword":1,"minecraft:golden_chestplate":1,"minecraft:chainmail_leggings":2,"minecraft:wooden_pickaxe":1,"minecraft:iron_axe":8,"minecraft:leather_boots":1,"minecraft:iron_pickaxe":2,"minecraft:iron_helmet":1},"minecraft:killed_by":{"minecraft:zombie_villager":1,"mutantmonsters:mutant_zombie":4,"minecraft:zombified_piglin":8,"minecraft:wither_skeleton":3,"minecraft:piglin_brute":3,"minecraft:creeper":9,"minecraft:piglin":4,"minecraft:blaze":9,"alexsmobs:soul_vulture":1,"minecraft:zombie":24,"minecraft:spider":2,"minecraft:hoglin":2,"mutantmonsters:mutant_skeleton":10,"minecraft:skeleton":60,"minecraft:phantom":1},"minecraft:dropped":{"boh:kindness_flower":1,"minecraft:birch_planks":3,"alexsmobs:rocky_shell":1,"minecraft:leather":1,"minecraft:saddle":1,"minecraft:rail":1,"paraglider:spirit_orb":4,"alexsmobs:soul_heart":1,"minecraft:dirt":129,"minecraft:gold_nugget":3,"minecraft:bone":5,"minecraft:gravel":1,"minecraft:iron_nugget":1,"alexsmobs:animal_dictionary":1,"minecraft:birch_sapling":4,"minecraft:rotten_flesh":17,"minecraft:azure_bluet":1,"minecraft:leather_chestplate":2,"travelersbackpack:white_sleeping_bag":1,"k_turrets:raw_titanium":1,"minecraft:arrow":45,"minecraft:netherrack":65,"minecraft:enchanted_book":1,"minecraft:wheat_seeds":18,"farmersdelight:skillet":1,"minecraft:cobblestone":5,"pointblank:ammo338lapua":24,"minecraft:stick":7,"minecraft:torch":6,"scalinghealth:heart_crystal":1,"skilltree:gem":1,"pointblank:guninternals":15,"tacz:modern_kinetic_gun":5,"minecraft:iron_axe":2,"minecraft:string":3,"pointblank:cp2077_tsunami_nekomata":3,"minecraft:dandelion":1,"minecraft:smooth_basalt":2,"minecraft:redstone":1,"minecraft:sweet_berries":7,"artifacts:kitty_slippers":1,"minecraft:coarse_dirt":16,"minecraft:smooth_stone_slab":1,"minecraft:tuff":14,"farmersdelight:straw":1,"pointblank:gunmetal_nugget":1,"farmersdelight:flint_knife":2,"minecraft:allium":1,"minecraft:spruce_planks":1,"minecraft:andesite":1,"minecraft:andesite_stairs":1,"minecraft:oak_sapling":4,"minecraft:barrel":1,"minecraft:bow":4,"minecraft:stone_pickaxe":1,"minecraft:calcite":10},"minecraft:mined":{"create:deepslate_zinc_ore":9,"minecraft:spruce_planks":1,"minecraft:oak_sapling":49,"minecraft:andesite_stairs":2,"create:cut_calcite_bricks":3,"minecraft:obsidian":7,"minecraft:grass_block":3043,"minecraft:cracked_polished_blackstone_bricks":3,"minecraft:soul_soil":10,"minecraft:spawner":4,"minecraft:smooth_stone":2,"minecraft:polished_blackstone_bricks":6,"minecraft:weeping_vines_plant":1,"minecraft:magma_block":1,"minecraft:fire":12,"minecraft:iron_ore":11,"minecraft:cobbled_deepslate":9,"mutantmonsters:mutant_skeleton_wall_skull":1,"minecraft:deepslate_lapis_ore":2,"minecraft:azure_bluet":2,"minecraft:dirt_path":3,"scalinghealth:deepslate_power_crystal_ore":1,"minecraft:iron_bars":196,"minecraft:deepslate_redstone_ore":8,"minecraft:gray_terracotta":8,"minecraft:cyan_terracotta":18,"minecraft:blackstone":3,"minecraft:crimson_nylium":1,"minecraft:soul_fire":1,"scalinghealth:deepslate_heart_crystal_ore":5,"minecraft:torch":26,"minecraft:calcite":87,"minecraft:nether_quartz_ore":204,"minecraft:cobblestone":12,"minecraft:oak_planks":181,"minecraft:wall_torch":20,"minecraft:amethyst_block":5,"minecraft:birch_sapling":8,"boh:spinel_ore_ore":20,"minecraft:nether_wart_block":6,"minecraft:birch_log":142,"minecraft:smooth_stone_slab":1,"minecraft:grass":79,"minecraft:oak_log":1726,"minecraft:lime_terracotta":34,"minecraft:sand":1100,"minecraft:dirt":819,"minecraft:smooth_basalt":8,"minecraft:netherrack":971,"minecraft:oak_leaves":247,"minecraft:deepslate":428,"create:zinc_ore":14,"minecraft:yellow_terracotta":31,"minecraft:nether_gold_ore":36,"minecraft:tuff":64,"minecraft:light_gray_stained_glass_pane":4,"minecraft:mossy_cobblestone":4,"minecraft:deepslate_diamond_ore":26,"mcwdoors:garage_white_door":9,"minecraft:allium":8,"minecraft:spruce_leaves":8,"minecraft:andesite":80,"create:scorchia":4,"minecraft:green_terracotta":53,"minecraft:deepslate_iron_ore":12,"minecraft:stripped_oak_log":5,"minecraft:stone":168,"minecraft:soul_sand":2,"minecraft:basalt":7,"minecraft:dandelion":3,"storagedrawers:oak_full_drawers_4":1,"minecraft:crafting_table":4,"boh:kindness_flower":1,"minecraft:copper_ore":3,"mcwdoors:metal_windowed_door":1,"minecraft:deepslate_gold_ore":13,"minecraft:birch_planks":8,"minecraft:coarse_dirt":36,"minecraft:cobblestone_wall":1,"minecraft:redstone_torch":1,"minecraft:sweet_berry_bush":3,"minecraft:spruce_log":27,"minecraft:birch_leaves":6,"k_turrets:titanium_ore":1,"minecraft:coal_ore":4,"minecraft:gravel":317,"minecraft:cobweb":7,"minecraft:stone_bricks":5,"minecraft:gold_ore":7,"minecraft:fern":1},"minecraft:custom":{"minecraft:interact_with_crafting_table":107,"minecraft:open_barrel":39,"minecraft:leave_game":32,"minecraft:time_since_death":5662,"minecraft:sprint_one_cm":1105390,"minecraft:drop":108,"minecraft:play_time":1099554,"minecraft:deaths":156,"minecraft:jump":9736,"minecraft:walk_on_water_one_cm":30677,"minecraft:interact_with_furnace":17,"minecraft:sleep_in_bed":51,"minecraft:waystone_activated":3,"tombstone:sneak_grave":14,"minecraft:damage_dealt":29552,"minecraft:crouch_one_cm":87656,"tombstone:undead_killed":74,"minecraft:interact_with_smoker":3,"minecraft:interact_with_smithing_table":1,"minecraft:mob_kills":153,"minecraft:damage_dealt_resisted":2024,"minecraft:climb_one_cm":15230,"minecraft:walk_one_cm":6689677,"minecraft:damage_dealt_absorbed":1549,"minecraft:sneak_time":36921,"minecraft:walk_under_water_one_cm":16418,"minecraft:interact_with_blast_furnace":7,"minecraft:total_world_time":1099554,"tombstone:raider_killed":6,"minecraft:interact_with_grindstone":1,"minecraft:interact_with_stonecutter":1,"minecraft:time_since_rest":5403,"minecraft:damage_taken":53925,"minecraft:swim_one_cm":19632,"minecraft:fly_one_cm":460951,"minecraft:open_chest":339,"minecraft:fall_one_cm":196379}},"DataVersion":3465}